timestamp,nation,action,econ_before,econ_after,allocated_total,units_bought,rule,metrics_json
2025-08-24T12:22:02,Polska,COMBO,83,46,19,1,strategic_combo_ROZWÓJ,"{""econ"": 83, ""own_units"": 25, ""low_fuel_ratio"": 0.0, ""strategy_name"": ""ROZWÓJ"", ""budget_ratios"": {""reserve"": 0.2, ""allocate"": 0.4, ""purchase"": 0.4}, ""game_phase"": 0.1, ""vp_status"": 0, ""phase_name"": ""WCZESNA"", ""rule"": ""strategic_combo_ROZWÓJ"", ""allocate_budget"": 33, ""purchase_budget"": 33}"
2025-08-24T12:22:02,Niemcy,COMBO,98,59,23,1,strategic_combo_ROZWÓJ,"{""econ"": 98, ""own_units"": 26, ""low_fuel_ratio"": 0.0, ""strategy_name"": ""ROZWÓJ"", ""budget_ratios"": {""reserve"": 0.2, ""allocate"": 0.4, ""purchase"": 0.4}, ""game_phase"": 0.1, ""vp_status"": 0, ""phase_name"": ""WCZESNA"", ""rule"": ""strategic_combo_ROZWÓJ"", ""allocate_budget"": 39, ""purchase_budget"": 39}"
2025-08-24T12:22:02,Polska,COMBO,83,46,19,1,strategic_combo_ROZWÓJ,"{""econ"": 83, ""own_units"": 25, ""low_fuel_ratio"": 0.08, ""strategy_name"": ""ROZWÓJ"", ""budget_ratios"": {""reserve"": 0.2, ""allocate"": 0.4, ""purchase"": 0.4}, ""game_phase"": 0.1, ""vp_status"": 0, ""phase_name"": ""WCZESNA"", ""rule"": ""strategic_combo_ROZWÓJ"", ""allocate_budget"": 33, ""purchase_budget"": 33}"
2025-08-24T12:22:02,Niemcy,COMBO,120,66,28,1,strategic_combo_ROZWÓJ,"{""econ"": 120, ""own_units"": 26, ""low_fuel_ratio"": 0.077, ""strategy_name"": ""ROZWÓJ"", ""budget_ratios"": {""reserve"": 0.2, ""allocate"": 0.4, ""purchase"": 0.4}, ""game_phase"": 0.1, ""vp_status"": 0, ""phase_name"": ""WCZESNA"", ""rule"": ""strategic_combo_ROZWÓJ"", ""allocate_budget"": 48, ""purchase_budget"": 48}"
2025-08-24T12:22:02,Polska,COMBO,150,87,63,0,strategic_combo_KRYZYS_PALIWA,"{""econ"": 150, ""own_units"": 25, ""low_fuel_ratio"": 0.28, ""strategy_name"": ""KRYZYS_PALIWA"", ""budget_ratios"": {""reserve"": 0.15, ""allocate"": 0.7, ""purchase"": 0.15}, ""game_phase"": 0.1, ""vp_status"": 0, ""phase_name"": ""WCZESNA"", ""rule"": ""strategic_combo_KRYZYS_PALIWA"", ""allocate_budget"": 105, ""purchase_budget"": 22}"
2025-08-24T12:22:02,Niemcy,ALLOCATE,133,54,79,0,strategic_allocate_KRYZYS_PALIWA,"{""econ"": 133, ""own_units"": 26, ""low_fuel_ratio"": 0.269, ""strategy_name"": ""KRYZYS_PALIWA"", ""budget_ratios"": {""reserve"": 0.15, ""allocate"": 0.7, ""purchase"": 0.15}, ""game_phase"": 0.1, ""vp_status"": 0, ""phase_name"": ""WCZESNA"", ""rule"": ""strategic_allocate_KRYZYS_PALIWA"", ""allocation_weights"": {""raw"": {""5"": 0.387, ""6"": 0.175}, ""norm"": {""5"": 0.689, ""6"": 0.311}, ""details"": {""5"": {""baza"": 0.1, ""brak_zaop"": 0.4, ""brak_art"": 0.0, ""niskie_paliwo"": 0.2, ""malo_jednostek"": 0.0, ""kara_niewydane"": 0.31, ""suma"": 0.387, ""unspent"": 25, ""avg_fuel"": 0.59, ""total_units"": 9}, ""6"": {""baza"": 0.1, ""brak_zaop"": 0.4, ""brak_art"": 0.0, ""niskie_paliwo"": 0.0, ""malo_jednostek"": 0.0, ""kara_niewydane"": 0.33, ""suma"": 0.175, ""unspent"": 26, ""avg_fuel"": 0.74, ""total_units"": 17}}, ""allocations"": {""5"": 55, ""6"": 24}}}"
2025-08-24T12:22:03,Polska,COMBO,162,95,67,0,strategic_combo_KRYZYS_PALIWA,"{""econ"": 162, ""own_units"": 25, ""low_fuel_ratio"": 0.28, ""strategy_name"": ""KRYZYS_PALIWA"", ""budget_ratios"": {""reserve"": 0.15, ""allocate"": 0.7, ""purchase"": 0.15}, ""game_phase"": 0.1, ""vp_status"": 0, ""phase_name"": ""WCZESNA"", ""rule"": ""strategic_combo_KRYZYS_PALIWA"", ""allocate_budget"": 113, ""purchase_budget"": 24}"
2025-08-24T12:22:03,Niemcy,ALLOCATE,103,42,61,0,strategic_allocate_KRYZYS_PALIWA,"{""econ"": 103, ""own_units"": 26, ""low_fuel_ratio"": 0.308, ""strategy_name"": ""KRYZYS_PALIWA"", ""budget_ratios"": {""reserve"": 0.15, ""allocate"": 0.7, ""purchase"": 0.15}, ""game_phase"": 0.1, ""vp_status"": 0, ""phase_name"": ""WCZESNA"", ""rule"": ""strategic_allocate_KRYZYS_PALIWA"", ""allocation_weights"": {""raw"": {""5"": 0.3, ""6"": 0.1}, ""norm"": {""5"": 0.75, ""6"": 0.25}, ""details"": {""5"": {""baza"": 0.1, ""brak_zaop"": 0.4, ""brak_art"": 0.0, ""niskie_paliwo"": 0.2, ""malo_jednostek"": 0.0, ""kara_niewydane"": 0.4, ""suma"": 0.3, ""unspent"": 80, ""avg_fuel"": 0.56, ""total_units"": 9}, ""6"": {""baza"": 0.1, ""brak_zaop"": 0.4, ""brak_art"": 0.0, ""niskie_paliwo"": 0.0, ""malo_jednostek"": 0.0, ""kara_niewydane"": 0.4, ""suma"": 0.1, ""unspent"": 50, ""avg_fuel"": 0.74, ""total_units"": 17}}, ""allocations"": {""5"": 46, ""6"": 15}}}"
2025-08-24T12:22:03,Polska,COMBO,183,91,76,1,strategic_combo_KRYZYS_PALIWA,"{""econ"": 183, ""own_units"": 25, ""low_fuel_ratio"": 0.28, ""strategy_name"": ""KRYZYS_PALIWA"", ""budget_ratios"": {""reserve"": 0.15, ""allocate"": 0.7, ""purchase"": 0.15}, ""game_phase"": 0.1, ""vp_status"": 0, ""phase_name"": ""WCZESNA"", ""rule"": ""strategic_combo_KRYZYS_PALIWA"", ""allocate_budget"": 128, ""purchase_budget"": 27}"
2025-08-24T12:22:03,Niemcy,COMBO,158,92,66,0,strategic_combo_KRYZYS_PALIWA,"{""econ"": 158, ""own_units"": 26, ""low_fuel_ratio"": 0.308, ""strategy_name"": ""KRYZYS_PALIWA"", ""budget_ratios"": {""reserve"": 0.15, ""allocate"": 0.7, ""purchase"": 0.15}, ""game_phase"": 0.1, ""vp_status"": 0, ""phase_name"": ""WCZESNA"", ""rule"": ""strategic_combo_KRYZYS_PALIWA"", ""allocate_budget"": 110, ""purchase_budget"": 23}"
2025-08-24T12:22:03,Polska,ALLOCATE,127,51,76,0,strategic_allocate_KRYZYS_PALIWA,"{""econ"": 127, ""own_units"": 25, ""low_fuel_ratio"": 0.28, ""strategy_name"": ""KRYZYS_PALIWA"", ""budget_ratios"": {""reserve"": 0.15, ""allocate"": 0.7, ""purchase"": 0.15}, ""game_phase"": 0.1, ""vp_status"": 0, ""phase_name"": ""WCZESNA"", ""rule"": ""strategic_allocate_KRYZYS_PALIWA"", ""allocation_weights"": {""raw"": {""2"": 0.1, ""3"": 0.05}, ""norm"": {""2"": 0.667, ""3"": 0.333}, ""details"": {""2"": {""baza"": 0.1, ""brak_zaop"": 0.4, ""brak_art"": 0.0, ""niskie_paliwo"": 0.0, ""malo_jednostek"": 0.0, ""kara_niewydane"": 0.4, ""suma"": 0.1, ""unspent"": 147, ""avg_fuel"": 0.73, ""total_units"": 16}, ""3"": {""baza"": 0.1, ""brak_zaop"": 0.0, ""brak_art"": 0.0, ""niskie_paliwo"": 0.2, ""malo_jednostek"": 0.0, ""kara_niewydane"": 0.4, ""suma"": 0.05, ""unspent"": 97, ""avg_fuel"": 0.57, ""total_units"": 9}}, ""allocations"": {""2"": 51, ""3"": 25}}}"
2025-08-24T12:22:03,Niemcy,ALLOCATE,121,49,72,0,strategic_allocate_KRYZYS_PALIWA,"{""econ"": 121, ""own_units"": 26, ""low_fuel_ratio"": 0.308, ""strategy_name"": ""KRYZYS_PALIWA"", ""budget_ratios"": {""reserve"": 0.15, ""allocate"": 0.7, ""purchase"": 0.15}, ""game_phase"": 0.1, ""vp_status"": 0, ""phase_name"": ""WCZESNA"", ""rule"": ""strategic_allocate_KRYZYS_PALIWA"", ""allocation_weights"": {""raw"": {""5"": 0.3, ""6"": 0.1}, ""norm"": {""5"": 0.75, ""6"": 0.25}, ""details"": {""5"": {""baza"": 0.1, ""brak_zaop"": 0.4, ""brak_art"": 0.0, ""niskie_paliwo"": 0.2, ""malo_jednostek"": 0.0, ""kara_niewydane"": 0.4, ""suma"": 0.3, ""unspent"": 176, ""avg_fuel"": 0.56, ""total_units"": 9}, ""6"": {""baza"": 0.1, ""brak_zaop"": 0.4, ""brak_art"": 0.0, ""niskie_paliwo"": 0.0, ""malo_jednostek"": 0.0, ""kara_niewydane"": 0.4, ""suma"": 0.1, ""unspent"": 81, ""avg_fuel"": 0.74, ""total_units"": 17}}, ""allocations"": {""5"": 54, ""6"": 18}}}"
2025-08-24T12:22:03,Polska,ALLOCATE,63,26,37,0,strategic_allocate_KRYZYS_PALIWA,"{""econ"": 63, ""own_units"": 25, ""low_fuel_ratio"": 0.28, ""strategy_name"": ""KRYZYS_PALIWA"", ""budget_ratios"": {""reserve"": 0.15, ""allocate"": 0.7, ""purchase"": 0.15}, ""game_phase"": 0.1, ""vp_status"": 0, ""phase_name"": ""WCZESNA"", ""rule"": ""strategic_allocate_KRYZYS_PALIWA"", ""allocation_weights"": {""raw"": {""2"": 0.1, ""3"": 0.05}, ""norm"": {""2"": 0.667, ""3"": 0.333}, ""details"": {""2"": {""baza"": 0.1, ""brak_zaop"": 0.4, ""brak_art"": 0.0, ""niskie_paliwo"": 0.0, ""malo_jednostek"": 0.0, ""kara_niewydane"": 0.4, ""suma"": 0.1, ""unspent"": 198, ""avg_fuel"": 0.73, ""total_units"": 16}, ""3"": {""baza"": 0.1, ""brak_zaop"": 0.0, ""brak_art"": 0.0, ""niskie_paliwo"": 0.2, ""malo_jednostek"": 0.0, ""kara_niewydane"": 0.4, ""suma"": 0.05, ""unspent"": 122, ""avg_fuel"": 0.57, ""total_units"": 9}}, ""allocations"": {""2"": 25, ""3"": 12}}}"
2025-08-24T12:22:03,Niemcy,ALLOCATE,74,30,44,0,strategic_allocate_KRYZYS_PALIWA,"{""econ"": 74, ""own_units"": 26, ""low_fuel_ratio"": 0.308, ""strategy_name"": ""KRYZYS_PALIWA"", ""budget_ratios"": {""reserve"": 0.15, ""allocate"": 0.7, ""purchase"": 0.15}, ""game_phase"": 0.1, ""vp_status"": 0, ""phase_name"": ""WCZESNA"", ""rule"": ""strategic_allocate_KRYZYS_PALIWA"", ""allocation_weights"": {""raw"": {""5"": 0.3, ""6"": 0.1}, ""norm"": {""5"": 0.75, ""6"": 0.25}, ""details"": {""5"": {""baza"": 0.1, ""brak_zaop"": 0.4, ""brak_art"": 0.0, ""niskie_paliwo"": 0.2, ""malo_jednostek"": 0.0, ""kara_niewydane"": 0.4, ""suma"": 0.3, ""unspent"": 230, ""avg_fuel"": 0.56, ""total_units"": 9}, ""6"": {""baza"": 0.1, ""brak_zaop"": 0.4, ""brak_art"": 0.0, ""niskie_paliwo"": 0.0, ""malo_jednostek"": 0.0, ""kara_niewydane"": 0.4, ""suma"": 0.1, ""unspent"": 99, ""avg_fuel"": 0.74, ""total_units"": 17}}, ""allocations"": {""5"": 33, ""6"": 11}}}"
2025-08-24T12:22:04,Polska,ALLOCATE,49,20,29,0,strategic_allocate_KRYZYS_PALIWA,"{""econ"": 49, ""own_units"": 25, ""low_fuel_ratio"": 0.28, ""strategy_name"": ""KRYZYS_PALIWA"", ""budget_ratios"": {""reserve"": 0.15, ""allocate"": 0.7, ""purchase"": 0.15}, ""game_phase"": 0.1, ""vp_status"": 0, ""phase_name"": ""WCZESNA"", ""rule"": ""strategic_allocate_KRYZYS_PALIWA"", ""allocation_weights"": {""raw"": {""2"": 0.1, ""3"": 0.05}, ""norm"": {""2"": 0.667, ""3"": 0.333}, ""details"": {""2"": {""baza"": 0.1, ""brak_zaop"": 0.4, ""brak_art"": 0.0, ""niskie_paliwo"": 0.0, ""malo_jednostek"": 0.0, ""kara_niewydane"": 0.4, ""suma"": 0.1, ""unspent"": 223, ""avg_fuel"": 0.73, ""total_units"": 16}, ""3"": {""baza"": 0.1, ""brak_zaop"": 0.0, ""brak_art"": 0.0, ""niskie_paliwo"": 0.2, ""malo_jednostek"": 0.0, ""kara_niewydane"": 0.4, ""suma"": 0.05, ""unspent"": 134, ""avg_fuel"": 0.57, ""total_units"": 9}}, ""allocations"": {""2"": 20, ""3"": 9}}}"
2025-08-24T12:22:04,Niemcy,COMBO,142,83,59,0,strategic_combo_KRYZYS_PALIWA,"{""econ"": 142, ""own_units"": 26, ""low_fuel_ratio"": 0.308, ""strategy_name"": ""KRYZYS_PALIWA"", ""budget_ratios"": {""reserve"": 0.15, ""allocate"": 0.7, ""purchase"": 0.15}, ""game_phase"": 0.1, ""vp_status"": 0, ""phase_name"": ""WCZESNA"", ""rule"": ""strategic_combo_KRYZYS_PALIWA"", ""allocate_budget"": 99, ""purchase_budget"": 21}"
2025-08-24T12:22:04,Polska,ALLOCATE,108,44,64,0,strategic_allocate_KRYZYS_PALIWA,"{""econ"": 108, ""own_units"": 25, ""low_fuel_ratio"": 0.28, ""strategy_name"": ""KRYZYS_PALIWA"", ""budget_ratios"": {""reserve"": 0.15, ""allocate"": 0.7, ""purchase"": 0.15}, ""game_phase"": 0.1, ""vp_status"": 0, ""phase_name"": ""WCZESNA"", ""rule"": ""strategic_allocate_KRYZYS_PALIWA"", ""allocation_weights"": {""raw"": {""2"": 0.1, ""3"": 0.05}, ""norm"": {""2"": 0.667, ""3"": 0.333}, ""details"": {""2"": {""baza"": 0.1, ""brak_zaop"": 0.4, ""brak_art"": 0.0, ""niskie_paliwo"": 0.0, ""malo_jednostek"": 0.0, ""kara_niewydane"": 0.4, ""suma"": 0.1, ""unspent"": 243, ""avg_fuel"": 0.73, ""total_units"": 16}, ""3"": {""baza"": 0.1, ""brak_zaop"": 0.0, ""brak_art"": 0.0, ""niskie_paliwo"": 0.2, ""malo_jednostek"": 0.0, ""kara_niewydane"": 0.4, ""suma"": 0.05, ""unspent"": 143, ""avg_fuel"": 0.57, ""total_units"": 9}}, ""allocations"": {""2"": 43, ""3"": 21}}}"
2025-08-24T12:22:04,Niemcy,ALLOCATE,132,53,79,0,strategic_allocate_KRYZYS_PALIWA,"{""econ"": 132, ""own_units"": 26, ""low_fuel_ratio"": 0.308, ""strategy_name"": ""KRYZYS_PALIWA"", ""budget_ratios"": {""reserve"": 0.15, ""allocate"": 0.7, ""purchase"": 0.15}, ""game_phase"": 0.1, ""vp_status"": 0, ""phase_name"": ""WCZESNA"", ""rule"": ""strategic_allocate_KRYZYS_PALIWA"", ""allocation_weights"": {""raw"": {""5"": 0.3, ""6"": 0.1}, ""norm"": {""5"": 0.75, ""6"": 0.25}, ""details"": {""5"": {""baza"": 0.1, ""brak_zaop"": 0.4, ""brak_art"": 0.0, ""niskie_paliwo"": 0.2, ""malo_jednostek"": 0.0, ""kara_niewydane"": 0.4, ""suma"": 0.3, ""unspent"": 308, ""avg_fuel"": 0.56, ""total_units"": 9}, ""6"": {""baza"": 0.1, ""brak_zaop"": 0.4, ""brak_art"": 0.0, ""niskie_paliwo"": 0.0, ""malo_jednostek"": 0.0, ""kara_niewydane"": 0.4, ""suma"": 0.1, ""unspent"": 124, ""avg_fuel"": 0.74, ""total_units"": 17}}, ""allocations"": {""5"": 60, ""6"": 19}}}"
2025-08-24T12:47:11,Polska,HOLD,34,34,0,0,insufficient_budget,"{""econ"": 34, ""own_units"": 25, ""low_fuel_ratio"": 0.0, ""strategy_name"": ""ROZWÓJ"", ""budget_ratios"": {""reserve"": 0.2, ""allocate"": 0.4, ""purchase"": 0.4}, ""game_phase"": 0.1, ""vp_status"": 0, ""phase_name"": ""WCZESNA"", ""rule"": ""insufficient_budget""}"
2025-08-24T12:47:12,Niemcy,HOLD,6,6,0,0,econ<MIN_BUY,"{""econ"": 6, ""own_units"": 26, ""low_fuel_ratio"": 0.0, ""strategy_name"": ""ROZWÓJ"", ""budget_ratios"": {""reserve"": 0.2, ""allocate"": 0.4, ""purchase"": 0.4}, ""game_phase"": 0.1, ""vp_status"": 0, ""phase_name"": ""WCZESNA"", ""rule"": ""econ<MIN_BUY""}"
2025-08-24T12:47:12,Polska,COMBO,94,94,0,0,strategic_combo_ROZWÓJ,"{""econ"": 94, ""own_units"": 25, ""low_fuel_ratio"": 0.08, ""strategy_name"": ""ROZWÓJ"", ""budget_ratios"": {""reserve"": 0.2, ""allocate"": 0.4, ""purchase"": 0.4}, ""game_phase"": 0.1, ""vp_status"": 0, ""phase_name"": ""WCZESNA"", ""rule"": ""strategic_combo_ROZWÓJ"", ""allocate_budget"": 37, ""purchase_budget"": 37}"
2025-08-24T12:47:13,Niemcy,HOLD,31,31,0,0,insufficient_budget,"{""econ"": 31, ""own_units"": 26, ""low_fuel_ratio"": 0.077, ""strategy_name"": ""ROZWÓJ"", ""budget_ratios"": {""reserve"": 0.2, ""allocate"": 0.4, ""purchase"": 0.4}, ""game_phase"": 0.1, ""vp_status"": 0, ""phase_name"": ""WCZESNA"", ""rule"": ""insufficient_budget""}"
2025-08-24T12:47:13,Polska,COMBO,167,167,0,0,strategic_combo_ROZWÓJ,"{""econ"": 167, ""own_units"": 25, ""low_fuel_ratio"": 0.08, ""strategy_name"": ""ROZWÓJ"", ""budget_ratios"": {""reserve"": 0.2, ""allocate"": 0.4, ""purchase"": 0.4}, ""game_phase"": 0.1, ""vp_status"": 0, ""phase_name"": ""WCZESNA"", ""rule"": ""strategic_combo_ROZWÓJ"", ""allocate_budget"": 66, ""purchase_budget"": 66}"
2025-08-24T12:47:13,Niemcy,HOLD,38,38,0,0,insufficient_budget,"{""econ"": 38, ""own_units"": 26, ""low_fuel_ratio"": 0.077, ""strategy_name"": ""ROZWÓJ"", ""budget_ratios"": {""reserve"": 0.2, ""allocate"": 0.4, ""purchase"": 0.4}, ""game_phase"": 0.1, ""vp_status"": 0, ""phase_name"": ""WCZESNA"", ""rule"": ""insufficient_budget""}"
2025-08-24T12:47:14,Polska,COMBO,247,247,0,0,strategic_combo_ROZWÓJ,"{""econ"": 247, ""own_units"": 25, ""low_fuel_ratio"": 0.08, ""strategy_name"": ""ROZWÓJ"", ""budget_ratios"": {""reserve"": 0.2, ""allocate"": 0.4, ""purchase"": 0.4}, ""game_phase"": 0.1, ""vp_status"": 0, ""phase_name"": ""WCZESNA"", ""rule"": ""strategic_combo_ROZWÓJ"", ""allocate_budget"": 98, ""purchase_budget"": 98}"
2025-08-24T12:47:14,Niemcy,COMBO,138,138,0,0,strategic_combo_ROZWÓJ,"{""econ"": 138, ""own_units"": 26, ""low_fuel_ratio"": 0.077, ""strategy_name"": ""ROZWÓJ"", ""budget_ratios"": {""reserve"": 0.2, ""allocate"": 0.4, ""purchase"": 0.4}, ""game_phase"": 0.1, ""vp_status"": 0, ""phase_name"": ""WCZESNA"", ""rule"": ""strategic_combo_ROZWÓJ"", ""allocate_budget"": 55, ""purchase_budget"": 55}"
2025-08-24T12:47:14,Polska,COMBO,335,335,0,0,strategic_combo_ROZWÓJ,"{""econ"": 335, ""own_units"": 25, ""low_fuel_ratio"": 0.08, ""strategy_name"": ""ROZWÓJ"", ""budget_ratios"": {""reserve"": 0.2, ""allocate"": 0.4, ""purchase"": 0.4}, ""game_phase"": 0.1, ""vp_status"": 0, ""phase_name"": ""WCZESNA"", ""rule"": ""strategic_combo_ROZWÓJ"", ""allocate_budget"": 134, ""purchase_budget"": 134}"
2025-08-24T12:47:15,Niemcy,COMBO,212,212,0,0,strategic_combo_ROZWÓJ,"{""econ"": 212, ""own_units"": 26, ""low_fuel_ratio"": 0.077, ""strategy_name"": ""ROZWÓJ"", ""budget_ratios"": {""reserve"": 0.2, ""allocate"": 0.4, ""purchase"": 0.4}, ""game_phase"": 0.1, ""vp_status"": 0, ""phase_name"": ""WCZESNA"", ""rule"": ""strategic_combo_ROZWÓJ"", ""allocate_budget"": 84, ""purchase_budget"": 84}"
2025-08-24T12:47:15,Polska,COMBO,410,410,0,0,strategic_combo_ROZWÓJ,"{""econ"": 410, ""own_units"": 25, ""low_fuel_ratio"": 0.08, ""strategy_name"": ""ROZWÓJ"", ""budget_ratios"": {""reserve"": 0.2, ""allocate"": 0.4, ""purchase"": 0.4}, ""game_phase"": 0.1, ""vp_status"": 0, ""phase_name"": ""WCZESNA"", ""rule"": ""strategic_combo_ROZWÓJ"", ""allocate_budget"": 164, ""purchase_budget"": 164}"
2025-08-24T12:47:15,Niemcy,COMBO,269,269,0,0,strategic_combo_ROZWÓJ,"{""econ"": 269, ""own_units"": 26, ""low_fuel_ratio"": 0.077, ""strategy_name"": ""ROZWÓJ"", ""budget_ratios"": {""reserve"": 0.2, ""allocate"": 0.4, ""purchase"": 0.4}, ""game_phase"": 0.1, ""vp_status"": 0, ""phase_name"": ""WCZESNA"", ""rule"": ""strategic_combo_ROZWÓJ"", ""allocate_budget"": 107, ""purchase_budget"": 107}"
2025-08-24T12:47:16,Polska,COMBO,454,454,0,0,strategic_combo_ROZWÓJ,"{""econ"": 454, ""own_units"": 25, ""low_fuel_ratio"": 0.08, ""strategy_name"": ""ROZWÓJ"", ""budget_ratios"": {""reserve"": 0.2, ""allocate"": 0.4, ""purchase"": 0.4}, ""game_phase"": 0.1, ""vp_status"": 0, ""phase_name"": ""WCZESNA"", ""rule"": ""strategic_combo_ROZWÓJ"", ""allocate_budget"": 181, ""purchase_budget"": 181}"
2025-08-24T12:47:16,Niemcy,COMBO,280,280,0,0,strategic_combo_ROZWÓJ,"{""econ"": 280, ""own_units"": 26, ""low_fuel_ratio"": 0.077, ""strategy_name"": ""ROZWÓJ"", ""budget_ratios"": {""reserve"": 0.2, ""allocate"": 0.4, ""purchase"": 0.4}, ""game_phase"": 0.1, ""vp_status"": 0, ""phase_name"": ""WCZESNA"", ""rule"": ""strategic_combo_ROZWÓJ"", ""allocate_budget"": 112, ""purchase_budget"": 112}"
2025-08-24T12:47:16,Polska,COMBO,530,530,0,0,strategic_combo_ROZWÓJ,"{""econ"": 530, ""own_units"": 25, ""low_fuel_ratio"": 0.08, ""strategy_name"": ""ROZWÓJ"", ""budget_ratios"": {""reserve"": 0.2, ""allocate"": 0.4, ""purchase"": 0.4}, ""game_phase"": 0.1, ""vp_status"": 0, ""phase_name"": ""WCZESNA"", ""rule"": ""strategic_combo_ROZWÓJ"", ""allocate_budget"": 212, ""purchase_budget"": 212}"
2025-08-24T12:47:17,Niemcy,COMBO,290,290,0,0,strategic_combo_ROZWÓJ,"{""econ"": 290, ""own_units"": 26, ""low_fuel_ratio"": 0.077, ""strategy_name"": ""ROZWÓJ"", ""budget_ratios"": {""reserve"": 0.2, ""allocate"": 0.4, ""purchase"": 0.4}, ""game_phase"": 0.1, ""vp_status"": 0, ""phase_name"": ""WCZESNA"", ""rule"": ""strategic_combo_ROZWÓJ"", ""allocate_budget"": 116, ""purchase_budget"": 116}"
2025-08-24T12:47:17,Polska,COMBO,568,568,0,0,strategic_combo_ROZWÓJ,"{""econ"": 568, ""own_units"": 25, ""low_fuel_ratio"": 0.08, ""strategy_name"": ""ROZWÓJ"", ""budget_ratios"": {""reserve"": 0.2, ""allocate"": 0.4, ""purchase"": 0.4}, ""game_phase"": 0.1, ""vp_status"": 0, ""phase_name"": ""WCZESNA"", ""rule"": ""strategic_combo_ROZWÓJ"", ""allocate_budget"": 227, ""purchase_budget"": 227}"
2025-08-24T12:47:17,Niemcy,COMBO,368,368,0,0,strategic_combo_ROZWÓJ,"{""econ"": 368, ""own_units"": 26, ""low_fuel_ratio"": 0.077, ""strategy_name"": ""ROZWÓJ"", ""budget_ratios"": {""reserve"": 0.2, ""allocate"": 0.4, ""purchase"": 0.4}, ""game_phase"": 0.1, ""vp_status"": 0, ""phase_name"": ""WCZESNA"", ""rule"": ""strategic_combo_ROZWÓJ"", ""allocate_budget"": 147, ""purchase_budget"": 147}"
2025-08-24T12:47:17,Polska,COMBO,600,600,0,0,strategic_combo_ROZWÓJ,"{""econ"": 600, ""own_units"": 25, ""low_fuel_ratio"": 0.08, ""strategy_name"": ""ROZWÓJ"", ""budget_ratios"": {""reserve"": 0.2, ""allocate"": 0.4, ""purchase"": 0.4}, ""game_phase"": 0.1, ""vp_status"": 0, ""phase_name"": ""WCZESNA"", ""rule"": ""strategic_combo_ROZWÓJ"", ""allocate_budget"": 240, ""purchase_budget"": 240}"
2025-08-24T12:47:18,Niemcy,COMBO,369,369,0,0,strategic_combo_ROZWÓJ,"{""econ"": 369, ""own_units"": 26, ""low_fuel_ratio"": 0.077, ""strategy_name"": ""ROZWÓJ"", ""budget_ratios"": {""reserve"": 0.2, ""allocate"": 0.4, ""purchase"": 0.4}, ""game_phase"": 0.1, ""vp_status"": 0, ""phase_name"": ""WCZESNA"", ""rule"": ""strategic_combo_ROZWÓJ"", ""allocate_budget"": 147, ""purchase_budget"": 147}"
2025-08-24T12:48:07,Polska,COMBO,83,83,0,0,strategic_combo_ROZWÓJ,"{""econ"": 83, ""own_units"": 25, ""low_fuel_ratio"": 0.0, ""strategy_name"": ""ROZWÓJ"", ""budget_ratios"": {""reserve"": 0.2, ""allocate"": 0.4, ""purchase"": 0.4}, ""game_phase"": 0.1, ""vp_status"": 0, ""phase_name"": ""WCZESNA"", ""rule"": ""strategic_combo_ROZWÓJ"", ""allocate_budget"": 33, ""purchase_budget"": 33}"
2025-08-24T12:48:08,Niemcy,COMBO,94,94,0,0,strategic_combo_ROZWÓJ,"{""econ"": 94, ""own_units"": 26, ""low_fuel_ratio"": 0.0, ""strategy_name"": ""ROZWÓJ"", ""budget_ratios"": {""reserve"": 0.2, ""allocate"": 0.4, ""purchase"": 0.4}, ""game_phase"": 0.1, ""vp_status"": 0, ""phase_name"": ""WCZESNA"", ""rule"": ""strategic_combo_ROZWÓJ"", ""allocate_budget"": 37, ""purchase_budget"": 37}"
2025-08-24T12:48:08,Polska,COMBO,104,104,0,0,strategic_combo_ROZWÓJ,"{""econ"": 104, ""own_units"": 25, ""low_fuel_ratio"": 0.08, ""strategy_name"": ""ROZWÓJ"", ""budget_ratios"": {""reserve"": 0.2, ""allocate"": 0.4, ""purchase"": 0.4}, ""game_phase"": 0.1, ""vp_status"": 0, ""phase_name"": ""WCZESNA"", ""rule"": ""strategic_combo_ROZWÓJ"", ""allocate_budget"": 41, ""purchase_budget"": 41}"
2025-08-24T12:48:08,Niemcy,COMBO,126,126,0,0,strategic_combo_ROZWÓJ,"{""econ"": 126, ""own_units"": 26, ""low_fuel_ratio"": 0.077, ""strategy_name"": ""ROZWÓJ"", ""budget_ratios"": {""reserve"": 0.2, ""allocate"": 0.4, ""purchase"": 0.4}, ""game_phase"": 0.1, ""vp_status"": 0, ""phase_name"": ""WCZESNA"", ""rule"": ""strategic_combo_ROZWÓJ"", ""allocate_budget"": 50, ""purchase_budget"": 50}"
2025-08-24T12:48:09,Polska,COMBO,196,196,0,0,strategic_combo_ROZWÓJ,"{""econ"": 196, ""own_units"": 25, ""low_fuel_ratio"": 0.08, ""strategy_name"": ""ROZWÓJ"", ""budget_ratios"": {""reserve"": 0.2, ""allocate"": 0.4, ""purchase"": 0.4}, ""game_phase"": 0.1, ""vp_status"": 0, ""phase_name"": ""WCZESNA"", ""rule"": ""strategic_combo_ROZWÓJ"", ""allocate_budget"": 78, ""purchase_budget"": 78}"
2025-08-24T12:48:09,Niemcy,COMBO,225,225,0,0,strategic_combo_ROZWÓJ,"{""econ"": 225, ""own_units"": 26, ""low_fuel_ratio"": 0.077, ""strategy_name"": ""ROZWÓJ"", ""budget_ratios"": {""reserve"": 0.2, ""allocate"": 0.4, ""purchase"": 0.4}, ""game_phase"": 0.1, ""vp_status"": 0, ""phase_name"": ""WCZESNA"", ""rule"": ""strategic_combo_ROZWÓJ"", ""allocate_budget"": 90, ""purchase_budget"": 90}"
2025-08-24T12:48:09,Polska,COMBO,293,293,0,0,strategic_combo_ROZWÓJ,"{""econ"": 293, ""own_units"": 25, ""low_fuel_ratio"": 0.08, ""strategy_name"": ""ROZWÓJ"", ""budget_ratios"": {""reserve"": 0.2, ""allocate"": 0.4, ""purchase"": 0.4}, ""game_phase"": 0.1, ""vp_status"": 0, ""phase_name"": ""WCZESNA"", ""rule"": ""strategic_combo_ROZWÓJ"", ""allocate_budget"": 117, ""purchase_budget"": 117}"
2025-08-24T12:48:10,Niemcy,COMBO,317,317,0,0,strategic_combo_ROZWÓJ,"{""econ"": 317, ""own_units"": 26, ""low_fuel_ratio"": 0.077, ""strategy_name"": ""ROZWÓJ"", ""budget_ratios"": {""reserve"": 0.2, ""allocate"": 0.4, ""purchase"": 0.4}, ""game_phase"": 0.1, ""vp_status"": 0, ""phase_name"": ""WCZESNA"", ""rule"": ""strategic_combo_ROZWÓJ"", ""allocate_budget"": 126, ""purchase_budget"": 126}"
2025-08-24T12:48:10,Polska,COMBO,303,303,0,0,strategic_combo_ROZWÓJ,"{""econ"": 303, ""own_units"": 25, ""low_fuel_ratio"": 0.08, ""strategy_name"": ""ROZWÓJ"", ""budget_ratios"": {""reserve"": 0.2, ""allocate"": 0.4, ""purchase"": 0.4}, ""game_phase"": 0.1, ""vp_status"": 0, ""phase_name"": ""WCZESNA"", ""rule"": ""strategic_combo_ROZWÓJ"", ""allocate_budget"": 121, ""purchase_budget"": 121}"
2025-08-24T12:48:10,Niemcy,COMBO,370,370,0,0,strategic_combo_ROZWÓJ,"{""econ"": 370, ""own_units"": 26, ""low_fuel_ratio"": 0.077, ""strategy_name"": ""ROZWÓJ"", ""budget_ratios"": {""reserve"": 0.2, ""allocate"": 0.4, ""purchase"": 0.4}, ""game_phase"": 0.1, ""vp_status"": 0, ""phase_name"": ""WCZESNA"", ""rule"": ""strategic_combo_ROZWÓJ"", ""allocate_budget"": 148, ""purchase_budget"": 148}"
2025-08-24T12:48:11,Polska,COMBO,356,356,0,0,strategic_combo_ROZWÓJ,"{""econ"": 356, ""own_units"": 25, ""low_fuel_ratio"": 0.08, ""strategy_name"": ""ROZWÓJ"", ""budget_ratios"": {""reserve"": 0.2, ""allocate"": 0.4, ""purchase"": 0.4}, ""game_phase"": 0.1, ""vp_status"": 0, ""phase_name"": ""WCZESNA"", ""rule"": ""strategic_combo_ROZWÓJ"", ""allocate_budget"": 142, ""purchase_budget"": 142}"
2025-08-24T12:48:11,Niemcy,COMBO,409,409,0,0,strategic_combo_ROZWÓJ,"{""econ"": 409, ""own_units"": 26, ""low_fuel_ratio"": 0.077, ""strategy_name"": ""ROZWÓJ"", ""budget_ratios"": {""reserve"": 0.2, ""allocate"": 0.4, ""purchase"": 0.4}, ""game_phase"": 0.1, ""vp_status"": 0, ""phase_name"": ""WCZESNA"", ""rule"": ""strategic_combo_ROZWÓJ"", ""allocate_budget"": 163, ""purchase_budget"": 163}"
2025-08-24T12:48:11,Polska,COMBO,359,359,0,0,strategic_combo_ROZWÓJ,"{""econ"": 359, ""own_units"": 25, ""low_fuel_ratio"": 0.08, ""strategy_name"": ""ROZWÓJ"", ""budget_ratios"": {""reserve"": 0.2, ""allocate"": 0.4, ""purchase"": 0.4}, ""game_phase"": 0.1, ""vp_status"": 0, ""phase_name"": ""WCZESNA"", ""rule"": ""strategic_combo_ROZWÓJ"", ""allocate_budget"": 143, ""purchase_budget"": 143}"
2025-08-24T12:48:12,Niemcy,COMBO,442,442,0,0,strategic_combo_ROZWÓJ,"{""econ"": 442, ""own_units"": 26, ""low_fuel_ratio"": 0.077, ""strategy_name"": ""ROZWÓJ"", ""budget_ratios"": {""reserve"": 0.2, ""allocate"": 0.4, ""purchase"": 0.4}, ""game_phase"": 0.1, ""vp_status"": 0, ""phase_name"": ""WCZESNA"", ""rule"": ""strategic_combo_ROZWÓJ"", ""allocate_budget"": 176, ""purchase_budget"": 176}"
2025-08-24T12:48:12,Polska,COMBO,403,403,0,0,strategic_combo_ROZWÓJ,"{""econ"": 403, ""own_units"": 25, ""low_fuel_ratio"": 0.08, ""strategy_name"": ""ROZWÓJ"", ""budget_ratios"": {""reserve"": 0.2, ""allocate"": 0.4, ""purchase"": 0.4}, ""game_phase"": 0.1, ""vp_status"": 0, ""phase_name"": ""WCZESNA"", ""rule"": ""strategic_combo_ROZWÓJ"", ""allocate_budget"": 161, ""purchase_budget"": 161}"
2025-08-24T12:48:12,Niemcy,COMBO,469,469,0,0,strategic_combo_ROZWÓJ,"{""econ"": 469, ""own_units"": 26, ""low_fuel_ratio"": 0.077, ""strategy_name"": ""ROZWÓJ"", ""budget_ratios"": {""reserve"": 0.2, ""allocate"": 0.4, ""purchase"": 0.4}, ""game_phase"": 0.1, ""vp_status"": 0, ""phase_name"": ""WCZESNA"", ""rule"": ""strategic_combo_ROZWÓJ"", ""allocate_budget"": 187, ""purchase_budget"": 187}"
2025-08-24T12:48:13,Polska,COMBO,439,439,0,0,strategic_combo_ROZWÓJ,"{""econ"": 439, ""own_units"": 25, ""low_fuel_ratio"": 0.08, ""strategy_name"": ""ROZWÓJ"", ""budget_ratios"": {""reserve"": 0.2, ""allocate"": 0.4, ""purchase"": 0.4}, ""game_phase"": 0.1, ""vp_status"": 0, ""phase_name"": ""WCZESNA"", ""rule"": ""strategic_combo_ROZWÓJ"", ""allocate_budget"": 175, ""purchase_budget"": 175}"
2025-08-24T12:48:13,Niemcy,COMBO,531,531,0,0,strategic_combo_ROZWÓJ,"{""econ"": 531, ""own_units"": 26, ""low_fuel_ratio"": 0.077, ""strategy_name"": ""ROZWÓJ"", ""budget_ratios"": {""reserve"": 0.2, ""allocate"": 0.4, ""purchase"": 0.4}, ""game_phase"": 0.1, ""vp_status"": 0, ""phase_name"": ""WCZESNA"", ""rule"": ""strategic_combo_ROZWÓJ"", ""allocate_budget"": 212, ""purchase_budget"": 212}"
2025-08-24T12:48:13,Polska,COMBO,530,530,0,0,strategic_combo_ROZWÓJ,"{""econ"": 530, ""own_units"": 25, ""low_fuel_ratio"": 0.08, ""strategy_name"": ""ROZWÓJ"", ""budget_ratios"": {""reserve"": 0.2, ""allocate"": 0.4, ""purchase"": 0.4}, ""game_phase"": 0.1, ""vp_status"": 0, ""phase_name"": ""WCZESNA"", ""rule"": ""strategic_combo_ROZWÓJ"", ""allocate_budget"": 212, ""purchase_budget"": 212}"
2025-08-24T12:48:13,Niemcy,COMBO,545,545,0,0,strategic_combo_ROZWÓJ,"{""econ"": 545, ""own_units"": 26, ""low_fuel_ratio"": 0.077, ""strategy_name"": ""ROZWÓJ"", ""budget_ratios"": {""reserve"": 0.2, ""allocate"": 0.4, ""purchase"": 0.4}, ""game_phase"": 0.1, ""vp_status"": 0, ""phase_name"": ""WCZESNA"", ""rule"": ""strategic_combo_ROZWÓJ"", ""allocate_budget"": 218, ""purchase_budget"": 218}"
2025-08-24T12:48:56,Polska,HOLD,43,43,0,0,insufficient_budget,"{""econ"": 43, ""own_units"": 25, ""low_fuel_ratio"": 0.0, ""strategy_name"": ""ROZWÓJ"", ""budget_ratios"": {""reserve"": 0.2, ""allocate"": 0.4, ""purchase"": 0.4}, ""game_phase"": 0.1, ""vp_status"": 0, ""phase_name"": ""WCZESNA"", ""rule"": ""insufficient_budget""}"
2025-08-24T12:48:56,Niemcy,COMBO,80,80,0,0,strategic_combo_ROZWÓJ,"{""econ"": 80, ""own_units"": 26, ""low_fuel_ratio"": 0.0, ""strategy_name"": ""ROZWÓJ"", ""budget_ratios"": {""reserve"": 0.2, ""allocate"": 0.4, ""purchase"": 0.4}, ""game_phase"": 0.1, ""vp_status"": 0, ""phase_name"": ""WCZESNA"", ""rule"": ""strategic_combo_ROZWÓJ"", ""allocate_budget"": 32, ""purchase_budget"": 32}"
2025-08-24T12:48:57,Polska,COMBO,72,72,0,0,strategic_combo_ROZWÓJ,"{""econ"": 72, ""own_units"": 25, ""low_fuel_ratio"": 0.08, ""strategy_name"": ""ROZWÓJ"", ""budget_ratios"": {""reserve"": 0.2, ""allocate"": 0.4, ""purchase"": 0.4}, ""game_phase"": 0.1, ""vp_status"": 0, ""phase_name"": ""WCZESNA"", ""rule"": ""strategic_combo_ROZWÓJ"", ""allocate_budget"": 28, ""purchase_budget"": 28}"
2025-08-24T12:48:57,Niemcy,COMBO,122,122,0,0,strategic_combo_ROZWÓJ,"{""econ"": 122, ""own_units"": 26, ""low_fuel_ratio"": 0.077, ""strategy_name"": ""ROZWÓJ"", ""budget_ratios"": {""reserve"": 0.2, ""allocate"": 0.4, ""purchase"": 0.4}, ""game_phase"": 0.1, ""vp_status"": 0, ""phase_name"": ""WCZESNA"", ""rule"": ""strategic_combo_ROZWÓJ"", ""allocate_budget"": 48, ""purchase_budget"": 48}"
